name,subs
France,3518546
Uppi,2843682
VANOSSGAMING [Fake],2598138
Jreg,2578736
Turbous,2332381
Straight From MG,2319077
TOPBANAN,2284922
Obrad Yousef,2282797
Marco 263 14nd channel,2061996
Marco 263,1891743
Dan4ikVM (üá∑üá∫),1768751
Mr pewbeast,1763361
0bb1,1490838
–æ–±—Å–∏—Ä–∞—Ç–µ–ª –≤–µ–∫–∞,1337687
katie walker,1299520
Seni Slime,1143536
Joseph,1126737
Ayumu channel„ÄêJapan America europe„Äë,1018226
Rainbow Animations,841092
SuperMarioPlushie,813753
StatBattles,728628
CrazyPlays,689327
Samuel Jean,624517
Carla Fernandes,541979
M D,500212
LukemonsterGaming,489995
Texan Republic,486166
Jammerz,393816
–ü—É—à–∏—Å—Ç–∏–∫_–ö–æ—Ç–∏–∫,392767
Pewdiepi,250013
leandrocc12,177572
Joey,126710
spiderman izzu,37537
Epic Tomato Boy,13314
Yamil Videos,7174
Tran Duc Phuc,5189
iAnix,2844
NewGenVibe,2546
Shane Rankings,2407
Estoniaball,2061
IrishGamerBoi #BLM,1851
Mrhuskyo,1807
peppapig Has been banned,1562
Satisfying Minecraft,1510
Cafuzed,1510
Cadence BS,1110
orbein,926
Popular Data Clashes,25
Dhar mann loves men,0
RaFiSTiCK BG,0
Piplup Cubing!,0
Vadym Ulyantsev,0
Always Game,0
DataTube,0
Youtuber Wars,0
Abdullah Shafiq rana,0
4alex,0
PewDiePie 2.0,0
Michael Jackson,0
Clutz,0
Phuc Tran Duc,0
MrRexta,0
underscorecat,0
Vanesa Ratti,0
Sasha Podolian,0
Brushment,0
TWC60,0
J&J RBLX and YT,0
Dream[fake],0
Kevin,0
leap!,0
Molly world,0
Micheal Hawkins,0
YT Subscriber Battles,0
JvcaDestroyer,0
Unboxing Statistics,0
Mr Beast,0
Acky,0
Poopipie,0
Victor's gaming Channel,0
Frosty The Snowman,0
Neuzie,0
FRED,0
USSR,0
RRM Animations,0
Pewds,0
TommyInnit[fake],0
Mr Beast,0
PewDiePie [Fake],0
America,0
Yaltar,0
Italy üáÆüáπ,0
Squid playz,0
Midas,0
Anyles,0
iyns,0
Hhyper Car,0
Russia,0
jas,0
Hi Piplup!,0
B Bellamy,0
pewdiepie paul,0
Germany,0
Minecraft mysteries,0
Ho Him Chan,0
Randomy,0
Vyle,0
Oof,0
Guess The Country Flags!,0
90abx0,0
Rydan's Logos And Facts About Everything,0
Data Everything,0
Rydan's Flags Stuff,0
Rydan,0
MrTrolls,0
minecraft mode,0
Jay Sajith,0
fd'√¶h'√•l,0
Sarosh Mountains And Mountains with Mountains ,0
MrDecetive,0
5C ÂΩ≠ÁùøÊúó PLKSHS,0
Yeezyprod,0
cube mad max,0
Firg,0
IvanIO,0
MrBeastBestYtEvr,0
hachi,0
Comic Book Profile,0
ananyesh prasad,0
Kotski,0
Ryan Mullally,0
Japan,0
BS TOM√Å≈† YT,0
Dream Team 2,0
Tom√°≈°,0
Orcest Youtube,0
BfdiLeafy,0
MEM3RS,0
Canada,0
H3nryDM,0
Pooee Newyyy,0
Compas videos cortos,0
Adam Bubba Vlogs,0
Marco 263 13nd channel,0
Jaivian Dean,0
lol kanal,0
mark nelson,0
alexment,0
gf Ãà√•lg√¶plg,0
reuirfy77,0
dfhl,b√∏m,0
IamAxel_,0
seb'sbot,0
p√¶ioui9op9iu,0
1Envape,0
RarelEwa,0
GsmithTV,0
Youtube Counts,0
Youtube Alternate Battles,0
Eitan Prendi,0
Daxx Kuczenski,0
Jacob Paterak,0
test kanal,0
Vizz,0
imgonot4it,0
lol,0
dfa√∏okdo√∏„Äàibjsw,0
Sebb9415,0
Leah,0
Drxm Gaming,0
Jake 100animations,0
LIM HAO FENG Moe,0
Technoblade PVP,0
RaFiSTiCK BG aLT,0
Statistics Battles,0
CTap,0
PodzPlayz,0
SNIPER Game Da Emer,0
dom taulbee,0
Boat,0
Eddy,0
Tommy Shorts,0
DAMEMEKID,0
Christopher Gabriel Gaming,0
TƒÉnasie Alex,0
Upperate,0
Instinct Clan,0
Dominic von Leberecht,0
undefined,0
Adam Scott,0
Improving Typist,0
clare Parkes,0
